<?xml version="1.0" encoding="UTF-8"?>
<project-private xmlns="http://www.netbeans.org/ns/project-private/1">
    <editor-bookmarks xmlns="http://www.netbeans.org/ns/editor-bookmarks/2" lastBookmarkId="0"/>
    <open-files xmlns="http://www.netbeans.org/ns/projectui-open-files/2">
        <group>
            <file>file:/D:/codes/try%20simple%20project/java%20project/JavaApplication2/src/About.java</file>
            <file>file:/D:/codes/try%20simple%20project/java%20project/JavaApplication2/src/dept_details.java</file>
            <file>file:/D:/codes/try%20simple%20project/java%20project/JavaApplication2/src/login.java</file>
            <file>file:/D:/codes/try%20simple%20project/java%20project/JavaApplication2/src/mainForm.java</file>
        </group>
    </open-files>
</project-private>
